{
  "version": "3.0",
  "device": {
    "name": "PMU-30 Rally Car",
    "serial_number": "PMU30-2025-001",
    "firmware_version": "0.2.1",
    "hardware_revision": "R2",
    "created": "2025-12-25T12:00:00.000000",
    "modified": "2025-12-25T12:00:00.000000"
  },
  "can_messages": [
    {
      "base_id": 1000,
      "can_bus": 1,
      "description": "LinkECU Generic Dashboard",
      "dlc": 8,
      "enabled": true,
      "frame_count": 7,
      "id": "msg_linkecu",
      "is_extended": false,
      "message_type": "compound",
      "name": "LinkECU_Dash",
      "timeout_ms": 100
    }
  ],
  "channels": [
    {
      "channel_id": 1,
      "channel_type": "digital_input",
      "debounce_ms": 50,
      "divider": 1.0,
      "enable_pullup": true,
      "id": "Ignition",
      "input_pin": 0,
      "multiplier": 1.0,
      "name": "Ignition Switch",
      "subtype": "switch_active_high",
      "threshold_voltage": 2.5,
      "trigger_edge": "both"
    },
    {
      "channel_id": 2,
      "channel_type": "digital_input",
      "debounce_ms": 20,
      "divider": 1.0,
      "enable_pullup": true,
      "id": "StartBtn",
      "input_pin": 1,
      "multiplier": 1.0,
      "name": "Start Button",
      "subtype": "momentary",
      "threshold_voltage": 2.5,
      "trigger_edge": "rising"
    },
    {
      "channel_id": 3,
      "channel_type": "digital_input",
      "debounce_ms": 30,
      "divider": 1.0,
      "enable_pullup": true,
      "id": "BrakeSwitch",
      "input_pin": 2,
      "multiplier": 1.0,
      "name": "Brake Pedal Switch",
      "subtype": "switch_active_high",
      "threshold_voltage": 2.5,
      "trigger_edge": "both"
    },
    {
      "channel_id": 4,
      "channel_type": "digital_input",
      "debounce_ms": 100,
      "divider": 1.0,
      "enable_pullup": true,
      "id": "Handbrake",
      "input_pin": 3,
      "multiplier": 1.0,
      "name": "Handbrake Switch",
      "subtype": "switch_active_high",
      "threshold_voltage": 2.5,
      "trigger_edge": "both"
    },
    {
      "channel_id": 5,
      "channel_type": "digital_input",
      "debounce_ms": 50,
      "divider": 1.0,
      "enable_pullup": true,
      "id": "HighBeamSw",
      "input_pin": 4,
      "multiplier": 1.0,
      "name": "High Beam Switch",
      "subtype": "switch_active_high",
      "threshold_voltage": 2.5,
      "trigger_edge": "both"
    },
    {
      "channel_id": 6,
      "channel_type": "digital_input",
      "debounce_ms": 50,
      "divider": 1.0,
      "enable_pullup": true,
      "id": "HornBtn",
      "input_pin": 5,
      "multiplier": 1.0,
      "name": "Horn Button",
      "subtype": "momentary",
      "threshold_voltage": 2.5,
      "trigger_edge": "both"
    },
    {
      "channel_id": 7,
      "channel_type": "digital_input",
      "debounce_ms": 50,
      "divider": 1.0,
      "enable_pullup": true,
      "id": "WiperSw",
      "input_pin": 6,
      "multiplier": 1.0,
      "name": "Wiper Switch",
      "subtype": "switch_active_high",
      "threshold_voltage": 2.5,
      "trigger_edge": "both"
    },
    {
      "channel_id": 8,
      "channel_type": "digital_input",
      "debounce_ms": 50,
      "divider": 1.0,
      "enable_pullup": true,
      "id": "HazardSw",
      "input_pin": 7,
      "multiplier": 1.0,
      "name": "Hazard Switch",
      "subtype": "switch_active_high",
      "threshold_voltage": 2.5,
      "trigger_edge": "both"
    },
    {
      "calibration_points": [
        {"value": 0.0, "voltage": 0.5},
        {"value": 5.0, "voltage": 2.5},
        {"value": 10.0, "voltage": 4.5}
      ],
      "channel_id": 10,
      "channel_type": "analog_input",
      "debounce_ms": 50,
      "decimal_places": 1,
      "id": "OilPressure",
      "input_pin": 0,
      "max_value": 10.0,
      "max_voltage": 4.5,
      "min_value": 0.0,
      "min_voltage": 0.5,
      "name": "Oil Pressure",
      "pullup_option": "none",
      "subtype": "linear",
      "unit": "bar"
    },
    {
      "calibration_points": [
        {"value": 0.0, "voltage": 0.5},
        {"value": 50.0, "voltage": 2.5},
        {"value": 100.0, "voltage": 4.5}
      ],
      "channel_id": 11,
      "channel_type": "analog_input",
      "debounce_ms": 50,
      "decimal_places": 0,
      "id": "FuelLevel",
      "input_pin": 1,
      "max_value": 100.0,
      "max_voltage": 4.5,
      "min_value": 0.0,
      "min_voltage": 0.5,
      "name": "Fuel Level",
      "pullup_option": "none",
      "subtype": "linear",
      "unit": "%"
    },
    {
      "calibration_points": [
        {"value": 20.0, "voltage": 0.5},
        {"value": 80.0, "voltage": 2.5},
        {"value": 120.0, "voltage": 4.5}
      ],
      "channel_id": 12,
      "channel_type": "analog_input",
      "debounce_ms": 50,
      "decimal_places": 0,
      "id": "CoolantTemp",
      "input_pin": 2,
      "max_value": 120.0,
      "max_voltage": 4.5,
      "min_value": 20.0,
      "min_voltage": 0.5,
      "name": "Coolant Temperature",
      "pullup_option": "none",
      "subtype": "linear",
      "unit": "°C"
    },
    {
      "calibration_points": [
        {"value": 0.0, "voltage": 0.0},
        {"value": 8.0, "voltage": 1.6},
        {"value": 16.0, "voltage": 3.2}
      ],
      "channel_id": 13,
      "channel_type": "analog_input",
      "debounce_ms": 50,
      "decimal_places": 1,
      "id": "BatteryVoltage",
      "input_pin": 3,
      "max_value": 16.0,
      "max_voltage": 3.2,
      "min_value": 0.0,
      "min_voltage": 0.0,
      "name": "Battery Voltage",
      "pullup_option": "none",
      "subtype": "linear",
      "unit": "V"
    },
    {
      "calibration_points": [
        {"value": 0.0, "voltage": 0.5},
        {"value": 100.0, "voltage": 4.5}
      ],
      "channel_id": 14,
      "channel_type": "analog_input",
      "debounce_ms": 20,
      "decimal_places": 0,
      "id": "ThrottlePos",
      "input_pin": 4,
      "max_value": 100.0,
      "max_voltage": 4.5,
      "min_value": 0.0,
      "min_voltage": 0.5,
      "name": "Throttle Position",
      "pullup_option": "none",
      "subtype": "linear",
      "unit": "%"
    },
    {
      "channel_id": 20,
      "channel_type": "power_output",
      "current_limit_a": 15.0,
      "duty_channel": null,
      "duty_fixed": 100.0,
      "id": "FuelPump",
      "inrush_current_a": 25.0,
      "inrush_time_ms": 500,
      "name": "Fuel Pump",
      "pins": [0],
      "protection": {
        "current_limit": 15.0,
        "inrush_current": 25.0,
        "inrush_time_ms": 500,
        "retry_count": 3,
        "retry_delay_ms": 1000,
        "retry_forever": false
      },
      "pwm": {
        "duty_function": null,
        "duty_value": 100.0,
        "enabled": false,
        "frequency": 1000
      },
      "source_channel": "FuelPumpLogic"
    },
    {
      "channel_id": 21,
      "channel_type": "power_output",
      "current_limit_a": 20.0,
      "duty_channel": null,
      "duty_fixed": 100.0,
      "id": "CoolingFan",
      "inrush_current_a": 35.0,
      "inrush_time_ms": 1000,
      "name": "Cooling Fan",
      "pins": [1],
      "protection": {
        "current_limit": 20.0,
        "inrush_current": 35.0,
        "inrush_time_ms": 1000,
        "retry_count": 2,
        "retry_delay_ms": 2000,
        "retry_forever": false
      },
      "pwm": {
        "duty_function": null,
        "duty_value": 100.0,
        "enabled": false,
        "frequency": 1000
      },
      "source_channel": "FanLogic"
    },
    {
      "channel_id": 22,
      "channel_type": "power_output",
      "current_limit_a": 10.0,
      "duty_channel": null,
      "duty_fixed": 100.0,
      "id": "Headlights",
      "inrush_current_a": 15.0,
      "inrush_time_ms": 200,
      "name": "Headlights",
      "pins": [2],
      "protection": {
        "current_limit": 10.0,
        "inrush_current": 15.0,
        "inrush_time_ms": 200,
        "retry_count": 3,
        "retry_delay_ms": 500,
        "retry_forever": false
      },
      "pwm": {
        "duty_function": null,
        "duty_value": 100.0,
        "enabled": false,
        "frequency": 1000
      },
      "source_channel": "Ignition"
    },
    {
      "channel_id": 23,
      "channel_type": "power_output",
      "current_limit_a": 10.0,
      "duty_channel": null,
      "duty_fixed": 100.0,
      "id": "HighBeam",
      "inrush_current_a": 15.0,
      "inrush_time_ms": 200,
      "name": "High Beam",
      "pins": [3],
      "protection": {
        "current_limit": 10.0,
        "inrush_current": 15.0,
        "inrush_time_ms": 200,
        "retry_count": 3,
        "retry_delay_ms": 500,
        "retry_forever": false
      },
      "pwm": {
        "duty_function": null,
        "duty_value": 100.0,
        "enabled": false,
        "frequency": 1000
      },
      "source_channel": "HighBeamLogic"
    },
    {
      "channel_id": 24,
      "channel_type": "power_output",
      "current_limit_a": 5.0,
      "duty_channel": null,
      "duty_fixed": 100.0,
      "id": "Horn",
      "inrush_current_a": 8.0,
      "inrush_time_ms": 100,
      "name": "Horn",
      "pins": [4],
      "protection": {
        "current_limit": 5.0,
        "inrush_current": 8.0,
        "inrush_time_ms": 100,
        "retry_count": 5,
        "retry_delay_ms": 100,
        "retry_forever": false
      },
      "pwm": {
        "duty_function": null,
        "duty_value": 100.0,
        "enabled": false,
        "frequency": 1000
      },
      "source_channel": "HornBtn"
    },
    {
      "channel_id": 25,
      "channel_type": "power_output",
      "current_limit_a": 8.0,
      "duty_channel": null,
      "duty_fixed": 100.0,
      "id": "Wipers",
      "inrush_current_a": 12.0,
      "inrush_time_ms": 500,
      "name": "Wipers",
      "pins": [5],
      "protection": {
        "current_limit": 8.0,
        "inrush_current": 12.0,
        "inrush_time_ms": 500,
        "retry_count": 3,
        "retry_delay_ms": 1000,
        "retry_forever": false
      },
      "pwm": {
        "duty_function": null,
        "duty_value": 100.0,
        "enabled": false,
        "frequency": 1000
      },
      "source_channel": "WiperSw"
    },
    {
      "channel_id": 26,
      "channel_type": "power_output",
      "current_limit_a": 3.0,
      "duty_channel": null,
      "duty_fixed": 100.0,
      "id": "BrakeLights",
      "inrush_current_a": 5.0,
      "inrush_time_ms": 100,
      "name": "Brake Lights",
      "pins": [6],
      "protection": {
        "current_limit": 3.0,
        "inrush_current": 5.0,
        "inrush_time_ms": 100,
        "retry_count": 3,
        "retry_delay_ms": 500,
        "retry_forever": false
      },
      "pwm": {
        "duty_function": null,
        "duty_value": 100.0,
        "enabled": false,
        "frequency": 1000
      },
      "source_channel": "BrakeSwitch"
    },
    {
      "channel_id": 27,
      "channel_type": "power_output",
      "current_limit_a": 2.0,
      "duty_channel": null,
      "duty_fixed": 100.0,
      "id": "TurnLeft",
      "inrush_current_a": 3.0,
      "inrush_time_ms": 100,
      "name": "Turn Left",
      "pins": [7],
      "protection": {
        "current_limit": 2.0,
        "inrush_current": 3.0,
        "inrush_time_ms": 100,
        "retry_count": 3,
        "retry_delay_ms": 500,
        "retry_forever": false
      },
      "pwm": {
        "duty_function": null,
        "duty_value": 100.0,
        "enabled": false,
        "frequency": 1000
      },
      "source_channel": "TurnLeftFlash"
    },
    {
      "channel_id": 28,
      "channel_type": "power_output",
      "current_limit_a": 2.0,
      "duty_channel": null,
      "duty_fixed": 100.0,
      "id": "TurnRight",
      "inrush_current_a": 3.0,
      "inrush_time_ms": 100,
      "name": "Turn Right",
      "pins": [8],
      "protection": {
        "current_limit": 2.0,
        "inrush_current": 3.0,
        "inrush_time_ms": 100,
        "retry_count": 3,
        "retry_delay_ms": 500,
        "retry_forever": false
      },
      "pwm": {
        "duty_function": null,
        "duty_value": 100.0,
        "enabled": false,
        "frequency": 1000
      },
      "source_channel": "TurnRightFlash"
    },
    {
      "channel_id": 29,
      "channel_type": "power_output",
      "current_limit_a": 5.0,
      "duty_channel": null,
      "duty_fixed": 100.0,
      "id": "Starter",
      "inrush_current_a": 10.0,
      "inrush_time_ms": 3000,
      "name": "Starter Relay",
      "pins": [9],
      "protection": {
        "current_limit": 5.0,
        "inrush_current": 10.0,
        "inrush_time_ms": 3000,
        "retry_count": 1,
        "retry_delay_ms": 5000,
        "retry_forever": false
      },
      "pwm": {
        "duty_function": null,
        "duty_value": 100.0,
        "enabled": false,
        "frequency": 1000
      },
      "source_channel": "StarterLogic"
    },
    {
      "auto_start": false,
      "channel_id": 30,
      "channel_type": "timer",
      "id": "FuelPrimeTimer",
      "limit_hours": 0,
      "limit_minutes": 0,
      "limit_seconds": 3,
      "mode": "count_up",
      "name": "Fuel Prime Timer",
      "start_channel": "Ignition",
      "start_edge": "rising",
      "stop_channel": "",
      "stop_edge": "rising"
    },
    {
      "auto_start": false,
      "channel_id": 31,
      "channel_type": "timer",
      "id": "FanDelayTimer",
      "limit_hours": 0,
      "limit_minutes": 0,
      "limit_seconds": 30,
      "mode": "count_up",
      "name": "Fan Delay Off Timer",
      "start_channel": "EngineRunning",
      "start_edge": "falling",
      "stop_channel": "",
      "stop_edge": "rising"
    },
    {
      "channel_id": 40,
      "channel_type": "logic",
      "id": "IgnitionOn",
      "name": "Ignition On",
      "operation": "is_true",
      "channel": "Ignition",
      "channel_2": "",
      "constant": 0.0,
      "polarity": "normal",
      "lower_value": 0.0,
      "upper_value": 100.0
    },
    {
      "channel_id": 41,
      "channel_type": "logic",
      "id": "EngineRunning",
      "name": "Engine Running",
      "operation": "greater",
      "channel": "ECU_RPM",
      "channel_2": "",
      "constant": 500.0,
      "polarity": "normal",
      "lower_value": 0.0,
      "upper_value": 100.0
    },
    {
      "channel_id": 42,
      "channel_type": "logic",
      "id": "FuelPrimeActive",
      "name": "Fuel Prime Active",
      "operation": "less",
      "channel": "FuelPrimeTimer_Elapsed",
      "channel_2": "",
      "constant": 3000.0,
      "polarity": "normal",
      "lower_value": 0.0,
      "upper_value": 100.0
    },
    {
      "channel_id": 43,
      "channel_type": "logic",
      "id": "FuelPumpLogic",
      "name": "Fuel Pump Control",
      "operation": "or",
      "channel": "EngineRunning",
      "channel_2": "FuelPrimeActive",
      "constant": 0.0,
      "polarity": "normal",
      "lower_value": 0.0,
      "upper_value": 100.0
    },
    {
      "channel_id": 44,
      "channel_type": "logic",
      "id": "FanTempHigh",
      "name": "Fan Temp High",
      "operation": "hysteresis",
      "channel": "CoolantTemp",
      "channel_2": "",
      "constant": 0.0,
      "polarity": "normal",
      "lower_value": 85000.0,
      "upper_value": 95000.0
    },
    {
      "channel_id": 45,
      "channel_type": "logic",
      "id": "FanDelayActive",
      "name": "Fan Delay Active",
      "operation": "less",
      "channel": "FanDelayTimer_Elapsed",
      "channel_2": "",
      "constant": 30000.0,
      "polarity": "normal",
      "lower_value": 0.0,
      "upper_value": 100.0
    },
    {
      "channel_id": 46,
      "channel_type": "logic",
      "id": "FanLogic",
      "name": "Fan Control",
      "operation": "or",
      "channel": "FanTempHigh",
      "channel_2": "FanDelayActive",
      "constant": 0.0,
      "polarity": "normal",
      "lower_value": 0.0,
      "upper_value": 100.0
    },
    {
      "channel_id": 47,
      "channel_type": "logic",
      "id": "HighBeamLogic",
      "name": "High Beam Control",
      "operation": "and",
      "channel": "Ignition",
      "channel_2": "HighBeamSw",
      "constant": 0.0,
      "polarity": "normal",
      "lower_value": 0.0,
      "upper_value": 100.0
    },
    {
      "channel_id": 48,
      "channel_type": "logic",
      "id": "StarterLogic",
      "name": "Starter Control",
      "operation": "and",
      "channel": "Ignition",
      "channel_2": "StartBtn",
      "constant": 0.0,
      "polarity": "normal",
      "lower_value": 0.0,
      "upper_value": 100.0
    },
    {
      "channel_id": 49,
      "channel_type": "logic",
      "id": "OilPressureLow",
      "name": "Oil Pressure Warning",
      "operation": "less",
      "channel": "OilPressure",
      "channel_2": "",
      "constant": 1500.0,
      "polarity": "normal",
      "lower_value": 0.0,
      "upper_value": 100.0
    },
    {
      "channel_id": 50,
      "channel_type": "logic",
      "id": "OilWarningActive",
      "name": "Oil Warning Active",
      "operation": "and",
      "channel": "EngineRunning",
      "channel_2": "OilPressureLow",
      "constant": 0.0,
      "polarity": "normal",
      "lower_value": 0.0,
      "upper_value": 100.0
    },
    {
      "channel_id": 51,
      "channel_type": "logic",
      "id": "FuelLevelLow",
      "name": "Fuel Level Low",
      "operation": "less",
      "channel": "FuelLevel",
      "channel_2": "",
      "constant": 15000.0,
      "polarity": "normal",
      "lower_value": 0.0,
      "upper_value": 100.0
    },
    {
      "channel_id": 52,
      "channel_type": "logic",
      "id": "OverheatWarning",
      "name": "Overheat Warning",
      "operation": "greater",
      "channel": "CoolantTemp",
      "channel_2": "",
      "constant": 105000.0,
      "polarity": "normal",
      "lower_value": 0.0,
      "upper_value": 100.0
    },
    {
      "channel_id": 53,
      "channel_type": "logic",
      "id": "TurnLeftFlash",
      "name": "Turn Left Flash",
      "operation": "flash",
      "channel": "TurnLeftSw",
      "channel_2": "",
      "constant": 0.0,
      "polarity": "normal",
      "time_on_s": 0.5,
      "time_off_s": 0.5,
      "lower_value": 0.0,
      "upper_value": 100.0
    },
    {
      "channel_id": 54,
      "channel_type": "logic",
      "id": "TurnRightFlash",
      "name": "Turn Right Flash",
      "operation": "flash",
      "channel": "TurnRightSw",
      "channel_2": "",
      "constant": 0.0,
      "polarity": "normal",
      "time_on_s": 0.5,
      "time_off_s": 0.5,
      "lower_value": 0.0,
      "upper_value": 100.0
    },
    {
      "channel_id": 55,
      "channel_type": "logic",
      "id": "BatteryLow",
      "name": "Battery Low Warning",
      "operation": "less",
      "channel": "BatteryVoltage",
      "channel_2": "",
      "constant": 11500.0,
      "polarity": "normal",
      "lower_value": 0.0,
      "upper_value": 100.0
    },
    {
      "channel_id": 9,
      "channel_type": "digital_input",
      "debounce_ms": 50,
      "divider": 1.0,
      "enable_pullup": true,
      "id": "TurnLeftSw",
      "input_pin": 8,
      "multiplier": 1.0,
      "name": "Turn Left Switch",
      "subtype": "switch_active_high",
      "threshold_voltage": 2.5,
      "trigger_edge": "both"
    },
    {
      "channel_id": 15,
      "channel_type": "digital_input",
      "debounce_ms": 50,
      "divider": 1.0,
      "enable_pullup": true,
      "id": "TurnRightSw",
      "input_pin": 9,
      "multiplier": 1.0,
      "name": "Turn Right Switch",
      "subtype": "switch_active_high",
      "threshold_voltage": 2.5,
      "trigger_edge": "both"
    },
    {
      "bit_length": 16,
      "byte_offset": 0,
      "byte_order": "little_endian",
      "channel_type": "can_rx",
      "data_format": "16bit",
      "data_type": "unsigned",
      "decimal_places": 0,
      "default_value": 0.0,
      "divider": 1.0,
      "frame_offset": 0,
      "id": "ECU_RPM",
      "name": "Engine RPM",
      "message_ref": "msg_linkecu",
      "multiplier": 1.0,
      "offset": 0.0,
      "start_bit": 0,
      "timeout_behavior": "use_default"
    },
    {
      "bit_length": 16,
      "byte_offset": 2,
      "byte_order": "little_endian",
      "channel_type": "can_rx",
      "data_format": "16bit",
      "data_type": "unsigned",
      "decimal_places": 1,
      "default_value": 0.0,
      "divider": 10.0,
      "frame_offset": 0,
      "id": "ECU_TPS",
      "name": "Throttle Position",
      "message_ref": "msg_linkecu",
      "multiplier": 1.0,
      "offset": 0.0,
      "start_bit": 0,
      "timeout_behavior": "use_default"
    },
    {
      "bit_length": 16,
      "byte_offset": 4,
      "byte_order": "little_endian",
      "channel_type": "can_rx",
      "data_format": "16bit",
      "data_type": "signed",
      "decimal_places": 1,
      "default_value": 0.0,
      "divider": 10.0,
      "frame_offset": 0,
      "id": "ECU_CLT",
      "name": "ECU Coolant Temp",
      "message_ref": "msg_linkecu",
      "multiplier": 1.0,
      "offset": 0.0,
      "start_bit": 0,
      "timeout_behavior": "use_default"
    },
    {
      "bit_length": 16,
      "byte_offset": 6,
      "byte_order": "little_endian",
      "channel_type": "can_rx",
      "data_format": "16bit",
      "data_type": "signed",
      "decimal_places": 1,
      "default_value": 0.0,
      "divider": 10.0,
      "frame_offset": 0,
      "id": "ECU_IAT",
      "name": "Intake Air Temp",
      "message_ref": "msg_linkecu",
      "multiplier": 1.0,
      "offset": 0.0,
      "start_bit": 0,
      "timeout_behavior": "use_default"
    },
    {
      "bit_length": 16,
      "byte_offset": 0,
      "byte_order": "little_endian",
      "channel_type": "can_rx",
      "data_format": "16bit",
      "data_type": "unsigned",
      "decimal_places": 1,
      "default_value": 0.0,
      "divider": 100.0,
      "frame_offset": 1,
      "id": "ECU_Battery",
      "name": "ECU Battery Voltage",
      "message_ref": "msg_linkecu",
      "multiplier": 1.0,
      "offset": 0.0,
      "start_bit": 0,
      "timeout_behavior": "use_default"
    },
    {
      "bit_length": 16,
      "byte_offset": 2,
      "byte_order": "little_endian",
      "channel_type": "can_rx",
      "data_format": "16bit",
      "data_type": "unsigned",
      "decimal_places": 1,
      "default_value": 0.0,
      "divider": 10.0,
      "frame_offset": 1,
      "id": "ECU_MAP",
      "name": "Manifold Pressure",
      "message_ref": "msg_linkecu",
      "multiplier": 1.0,
      "offset": 0.0,
      "start_bit": 0,
      "timeout_behavior": "use_default"
    },
    {
      "bit_length": 16,
      "byte_offset": 4,
      "byte_order": "little_endian",
      "channel_type": "can_rx",
      "data_format": "16bit",
      "data_type": "unsigned",
      "decimal_places": 3,
      "default_value": 0.0,
      "divider": 1000.0,
      "frame_offset": 1,
      "id": "ECU_Lambda",
      "name": "Lambda",
      "message_ref": "msg_linkecu",
      "multiplier": 1.0,
      "offset": 0.0,
      "start_bit": 0,
      "timeout_behavior": "use_default"
    },
    {
      "bit_length": 16,
      "byte_offset": 6,
      "byte_order": "little_endian",
      "channel_type": "can_rx",
      "data_format": "16bit",
      "data_type": "unsigned",
      "decimal_places": 0,
      "default_value": 0.0,
      "divider": 1.0,
      "frame_offset": 1,
      "id": "ECU_Speed",
      "name": "Vehicle Speed",
      "message_ref": "msg_linkecu",
      "multiplier": 1.0,
      "offset": 0.0,
      "start_bit": 0,
      "timeout_behavior": "use_default"
    },
    {
      "channel_id": 60,
      "channel_type": "number",
      "id": "FanOnTemp",
      "name": "Fan On Temperature",
      "value": 95.0,
      "min_value": 50.0,
      "max_value": 120.0,
      "unit": "°C"
    },
    {
      "channel_id": 61,
      "channel_type": "number",
      "id": "FanOffTemp",
      "name": "Fan Off Temperature",
      "value": 85.0,
      "min_value": 50.0,
      "max_value": 120.0,
      "unit": "°C"
    },
    {
      "channel_id": 62,
      "channel_type": "number",
      "id": "OilPressureMin",
      "name": "Oil Pressure Minimum",
      "value": 1.5,
      "min_value": 0.0,
      "max_value": 10.0,
      "unit": "bar"
    }
  ],
  "system": {
    "control_frequency_hz": 1000,
    "logic_frequency_hz": 500,
    "can1_baudrate": 500000,
    "can2_baudrate": 500000,
    "wifi": {
      "enabled": true,
      "mode": "ap",
      "hostname": "pmu30-rally",
      "ap": {
        "ssid": "PMU30-Rally",
        "password": "rallytime",
        "security": "wpa2",
        "channel": 6,
        "hidden": false,
        "max_clients": 4
      },
      "sta": {
        "ssid": "",
        "password": "",
        "auto_reconnect": true,
        "dhcp": true
      },
      "web": {
        "enabled": true,
        "http_port": 80,
        "ws_port": 81,
        "auth_enabled": false
      }
    }
  }
}
